{"0": {"-1.4483228628850318": 1.8741406706550334, "-2.544701158840132": 2.829622458880808, "-2.015628172136808": 2.3599758649369393, "0.6597248763198464": 0.8629073030142298, "-2.8995742510338007": 5.61917976596224, "-2.470099862683326": 4.008880898063699, "-3.736688934363438": 2.7267609789545917, "-1.9446858919259773": 0.3136544550761121, "-3.0941293261724083": 0.2904645204335426, "-0.6939187555006094": -0.48108470251809127, "-2.5542346300424064": 0.3035549677920658, "-0.9632844371970762": -0.21660108469479555, "-1.758205696081158": -0.9573703514145059, "-1.7989420776332554": 1.7802607014074656, "-4.6961177464749895": 0.13193444359093406, "-1.4496615024763937": -1.763063152251099, "-2.2393849220650215": 0.6682217242122178, "-2.2495808110099373": 0.11587134064258073, "-1.934217306177391": 2.038500438942514, "-3.9291518359628785": 0.702155918593691, "-1.4794009041965972": 0.25947154193431277, "-3.275409506384119": 0.7407123763312561}, "1": {"7.088101826788613": -0.27941057397141483, "4.3068825381699805": -1.4977375850970407, "2.781382107046646": 0.6013719150315269, "1.8668637734088687": 2.827795478284335, "0.9471790060472433": 1.3846517028737744, "2.6193985800519557": 1.9324512470137678, "4.281015809686567": 1.8585789237503214, "2.398290003929169": 2.2765574877373735, "0.37455165046051997": -0.10219269790628212, "1.588067967591133": 0.4632122637354203, "2.7416539365589743": 1.7626900934780532, "2.0532597249847346": 1.1341505564812187, "2.1109846302040123": 1.706508804477769, "7.930168869199225": 6.206995949543025, "0.08823933407914368": 3.3984663067693184, "1.084889637570609": 0.9649118658917752, "3.1716236093382304": -1.748831436114193, "0.3680570746282202": -3.89841628632176, "0.1870629639094256": 0.8422733687207281, "-1.1441917313682757": 1.4816145191698427}, "2": {"-0.6925353106790396": -2.02515495001524, "0.8077188224975314": -4.993236666030373, "-0.5407297995580864": -1.2918252193103168, "-0.32130947001807664": -5.36754124472435, "-0.263775734903942": -1.9248499680876974, "3.0260237088131086": -1.5719715510318457, "0.9078682045566996": -4.611768835324408, "0.6989252402777721": -2.3809723801655522, "0.7177460631606007": -2.122883464013189, "1.858211859774741": -0.6365030049850232, "0.2277301405242752": -2.6613992031890845, "-0.4205051794239263": -1.7394149566279449, "-0.43379585908700474": -2.4650309040108285, "-0.7696042560854939": -0.8274404850272836, "-1.3955575497438946": -0.249377045942074, "1.0333590539674966": -3.9590525884951084, "-1.8941876508130668": -2.9659043078434455, "-1.0845817896524461": -0.8952181554960454, "-0.7709921002335288": -1.3571019450804302, "0.9821260092642053": -1.4771461066930696}}